"product_id";"name";"description";"price";"category_id";"stock_quantity";"created_at";"updated_at"
1;"Telefono movil";"Stainless steel water bottle";19.86;1;741;"2021-04-10 22:31:36";"2024-06-30 00:21:32"
2;"Tablet";"Soft cotton t-shirt";530.83;1;515;"2021-12-02 03:17:33";"2024-06-30 00:21:32"
3;"Smartwatch";"Soft cotton t-shirt";339.37;1;703;"2021-08-27 10:52:46";"2024-06-30 00:21:32"
4;"Camara digital";"Leather wallet";227.6;1;181;"2021-07-31 10:06:15";"2024-06-30 00:21:32"
5;"Auriculares Bluetooth";"Stainless steel water bottle";8.89;1;112;"2021-07-13 19:16:04";"2024-06-30 00:21:32"
6;"Altavoz portatil";"Leather wallet";809.85;1;242;"2021-03-23 03:20:36";"2022-03-28 21:00:42"
7;"Power bank";"Stainless steel water bottle";506.15;1;283;"2021-06-29 05:35:55";"2024-06-30 00:21:32"
8;"Televisor LED";"Soft cotton t-shirt";792.87;1;728;"2021-05-29 19:42:48";"2024-06-30 00:21:32"
9;"Proyector";"Leather wallet";220.3;1;467;"2021-01-21 14:43:47";"2024-06-30 00:21:32"
10;"Reproductor de Blu-ray";"Stainless steel water bottle";397.21;1;647;"2021-10-15 21:33:27";"2024-06-30 00:21:32"
11;"Consola de videojuegos";"Leather wallet";379.77;1;686;"2021-06-04 20:27:11";"2024-06-30 00:21:32"
12;"Controlador de videojuegos";"Soft cotton t-shirt";730.81;1;58;"2021-09-02 13:16:17";"2024-06-30 00:21:32"
13;"Tarjeta de memoria SD";"Soft cotton t-shirt";849.03;1;714;"2021-01-10 17:45:28";"2024-06-30 00:21:32"
14;"Drone con camara";"Stainless steel water bottle";157.36;1;296;"2021-10-27 07:40:46";"2024-06-30 00:21:32"
15;"Camara de accion";"Leather wallet";630.13;1;642;"2021-12-15 02:29:06";"2022-10-13 14:51:17"
16;"Gimbal para camaras";"Leather wallet";90.95;1;54;"2021-11-11 10:55:19";"2024-06-30 00:21:32"
17;"Camara instantanea";"Leather wallet";993.78;1;685;"2021-10-11 14:34:44";"2024-06-30 00:21:32"
18;"E-reader";"Soft cotton t-shirt";184.97;1;747;"2021-05-20 16:50:15";"2024-06-30 00:21:32"
19;"Videocamara";"Leather wallet";869.21;1;533;"2021-09-27 10:00:57";"2024-06-30 00:21:32"
21;"Ordenador portatil";"Soft cotton t-shirt";175.43;2;427;"2021-05-19 15:12:14";"2024-06-30 00:19:29"
22;"Ordenador de sobremesa";"Ceramic coffee mug";821.41;2;422;"2021-06-09 10:03:11";"2024-06-30 00:19:29"
23;"Monitor";"Leather wallet";127.63;2;767;"2021-08-09 09:15:33";"2024-06-30 00:19:29"
24;"Impresora multifuncion";"Soft cotton t-shirt";813.27;2;263;"2021-08-14 07:44:37";"2024-06-30 00:19:29"
26;"Raton gaming";"Handcrafted wooden picture frame";210.54;2;342;"2021-08-15 10:57:24";"2024-06-30 00:19:29"
27;"Disco duro externo";"Scented candle";592.56;2;731;"2021-11-27 04:19:36";"2024-06-30 00:19:29"
28;"SSD interno";"Soft cotton t-shirt";964.42;2;692;"2021-09-21 00:10:43";"2024-06-30 00:19:29"
29;"Router WiFi";"Soft cotton t-shirt";457.8;2;685;"2021-08-13 14:14:36";"2024-06-30 00:19:29"
30;"Modem";"Scented candle";429.45;2;843;"2021-09-23 20:27:12";"2024-06-30 00:19:29"
31;"Tableta grafica";"Handcrafted wooden picture frame";261.32;2;637;"2021-03-14 07:23:52";"2024-06-30 00:19:29"
32;"Webcam";"Leather wallet";938.01;2;375;"2021-05-23 02:47:21";"2024-06-30 00:19:29"
33;"Microfono USB";"Soft cotton t-shirt";406.36;2;758;"2021-03-10 20:18:10";"2022-05-20 23:54:01"
34;"Altavoces de ordenador";"Ceramic coffee mug";581.81;2;314;"2021-03-12 04:58:16";"2024-06-30 00:19:29"
35;"Hub USB";"Leather wallet";789.61;2;568;"2021-04-13 17:18:46";"2024-06-30 00:19:29"
36;"Cables HDMI";"Ceramic coffee mug";309.64;2;581;"2021-12-15 19:41:32";"2024-06-30 00:19:29"
37;"Adaptador USB-C";"Stainless steel water bottle";261.26;2;269;"2021-08-11 03:38:05";"2024-06-30 00:19:29"
39;"Mochila para portatil";"Ceramic coffee mug";845.2;2;733;"2021-05-15 23:05:48";"2024-06-30 00:19:29"
40;"Funda para Tablet";"Leather wallet";447.13;2;938;"2021-12-21 00:06:28";"2024-06-30 00:19:29"
41;"Cafetera espresso";"Handcrafted wooden picture frame";448.84;3;966;"2021-05-12 14:15:27";"2024-06-30 00:22:52"
42;"Batidora de mano";"Ceramic coffee mug";761.62;3;126;"2021-08-20 23:37:41";"2024-06-30 00:22:52"
44;"Freidora de aire";"Leather wallet";850.39;3;562;"2021-12-29 03:51:51";"2024-06-30 00:22:52"
45;"Olla de coccion lenta";"Stainless steel water bottle";994.61;3;135;"2021-03-21 22:13:20";"2022-08-03 03:47:06"
46;"Tostadora";"Soft cotton t-shirt";958.39;3;62;"2021-06-28 07:18:13";"2024-06-30 00:22:52"
47;"Hervidor electrico";"Scented candle";665.54;3;737;"2021-04-22 01:18:19";"2024-06-30 00:22:52"
48;"Robot de cocina";"Ceramic coffee mug";500.64;3;572;"2021-10-03 05:28:00";"2024-06-30 00:22:52"
49;"Plancha de vapor";"Soft cotton t-shirt";45.96;3;985;"2021-12-04 12:27:28";"2024-06-30 00:22:52"
50;"Aspiradora sin bolsa";"Soft cotton t-shirt";431.77;3;85;"2021-05-03 13:54:00";"2024-06-30 00:22:52"
51;"Robot aspirador";"Stainless steel water bottle";673.06;3;31;"2021-01-08 23:25:27";"2024-06-30 00:22:52"
52;"Microondas";"Soft cotton t-shirt";555.06;3;663;"2021-07-21 14:48:55";"2024-06-30 00:22:52"
53;"Horno electrico";"Ceramic coffee mug";883.71;3;326;"2021-05-21 07:54:49";"2024-06-30 00:22:52"
54;"Exprimidor de citricos";"Scented candle";676.23;3;67;"2021-09-07 01:57:03";"2024-06-30 00:22:52"
55;"Parrilla electrica";"Handcrafted wooden picture frame";569.46;3;865;"2021-03-15 04:31:38";"2024-06-30 00:22:52"
56;"Cuchillo de chef";"Stainless steel water bottle";364.93;3;175;"2021-02-05 08:18:45";"2024-06-30 00:22:52"
57;"Tabla de cortar";"Ceramic coffee mug";480.76;3;345;"2021-01-30 21:57:47";"2024-06-30 00:22:52"
58;"Juego de utensilios de cocina";"Leather wallet";254.88;3;302;"2021-06-09 10:34:44";"2024-06-30 00:22:52"
59;"Juego de sartenes";"Ceramic coffee mug";796.76;3;557;"2021-11-26 11:48:28";"2024-06-30 00:22:52"
60;"Olla a presión";"Leather wallet";312.78;3;193;"2021-04-13 12:45:49";"2024-06-30 00:22:52"
61;"Lavadora";"Soft cotton t-shirt";968.23;4;811;"2021-10-21 12:01:00";"2024-06-30 00:22:58"
62;"Secadora";"Scented candle";479.67;4;352;"2021-11-10 19:19:54";"2024-06-30 00:22:58"
63;"Frigorifico";"Stainless steel water bottle";640.33;4;415;"2021-09-28 02:59:55";"2024-06-30 00:22:58"
64;"Lavavajillas";"Ceramic coffee mug";220.33;4;373;"2021-09-07 05:28:42";"2024-06-30 00:22:58"
65;"Congelador";"Handcrafted wooden picture frame";319.03;4;410;"2021-12-17 13:03:59";"2024-06-30 00:22:58"
66;"Horno empotrado";"Stainless steel water bottle";270.42;4;741;"2021-05-09 07:27:40";"2024-06-30 00:22:58"
67;"Placa de induccion";"Soft cotton t-shirt";779.84;4;505;"2021-02-21 15:51:49";"2024-06-30 00:22:58"
70;"Ventilador de torre";"Soft cotton t-shirt";708.54;4;875;"2021-01-16 00:26:43";"2024-06-30 00:22:58"
71;"Calefactor electrico";"Handcrafted wooden picture frame";815.51;4;468;"2021-05-01 15:47:25";"2024-06-30 00:22:58"
72;"Humidificador";"Handcrafted wooden picture frame";112.88;4;809;"2021-08-01 12:45:47";"2024-06-30 00:22:58"
74;"Purificador de aire";"Soft cotton t-shirt";749.68;4;187;"2021-05-28 21:49:21";"2024-06-30 00:22:58"
75;"Termo electrico";"Soft cotton t-shirt";242.55;4;247;"2021-08-14 03:15:24";"2024-06-30 00:22:58"
76;"Plancha de ropa";"Ceramic coffee mug";539.56;4;132;"2021-02-25 09:53:38";"2024-06-30 00:22:58"
77;"Centro de planchado";"Leather wallet";442.18;4;225;"2021-12-07 20:28:53";"2024-06-30 00:22:58"
78;"Lavadora-secadora";"Leather wallet";10.17;4;585;"2021-01-30 02:18:23";"2024-06-30 00:22:58"
79;"Enfriador de vino";"Soft cotton t-shirt";157.71;4;408;"2021-12-21 19:08:13";"2024-06-30 00:22:58"
80;"Secador de pelo";"Scented candle";683.23;4;430;"2021-11-09 06:17:36";"2024-06-30 00:22:58"
81;"Sofa de tres plazas";"Handcrafted wooden picture frame";866.45;5;734;"2021-11-16 11:52:22";"2024-06-30 00:23:28"
82;"Mesa de comedor";"Scented candle";268.88;5;355;"2021-03-19 12:18:15";"2024-06-30 00:23:28"
83;"Sillas de comedor";"Leather wallet";644.4;5;916;"2021-12-05 01:17:33";"2024-06-30 00:23:28"
84;"Estanteria modular";"Leather wallet";368.57;5;333;"2021-12-20 14:02:58";"2024-06-30 00:23:28"
85;"Cama doble";"Stainless steel water bottle";365.13;5;203;"2021-05-25 05:38:43";"2024-06-30 00:23:28"
86;"Mesita de noche";"Soft cotton t-shirt";529.89;5;263;"2021-02-11 13:13:04";"2024-06-30 00:23:28"
87;"Escritorio de oficina";"Ceramic coffee mug";945.82;5;471;"2021-06-10 08:22:54";"2024-06-30 00:23:28"
89;"Comoda";"Leather wallet";485.32;5;595;"2021-06-25 10:23:28";"2024-06-30 00:23:28"
91;"Lampara de pie";"Soft cotton t-shirt";254.38;5;489;"2021-08-05 01:02:17";"2024-06-30 00:23:28"
92;"Lampara de techo";"Leather wallet";552.69;5;313;"2021-02-16 12:55:32";"2024-06-30 00:23:28"
93;"Alfombra decorativa";"Scented candle";886.35;5;458;"2021-03-10 01:36:44";"2024-06-30 00:23:28"
94;"Cortinas opacas";"Ceramic coffee mug";448.55;5;838;"2021-06-06 07:00:58";"2024-06-30 00:23:28"
95;"Cojines decorativos";"Ceramic coffee mug";66.97;5;247;"2021-05-13 21:11:08";"2024-06-30 00:23:28"
97;"Cuadro decorativo";"Stainless steel water bottle";224.9;5;834;"2021-04-14 10:13:42";"2024-06-30 00:23:28"
98;"Reloj de pared";"Scented candle";165.6;5;174;"2021-04-09 22:15:15";"2024-06-30 00:23:28"
99;"Jarron de ceramica";"Stainless steel water bottle";25.85;5;983;"2021-06-09 21:29:07";"2024-06-30 00:23:28"
100;"Planta artificial";"Stainless steel water bottle";58.98;5;794;"2021-11-08 19:14:03";"2024-06-30 00:23:28"
101;"Bicicleta de montana";"Leather wallet";856.49;6;714;"2021-03-28 08:44:51";"2024-06-30 00:30:16"
102;"Bicicleta estatica";"Stainless steel water bottle";562.75;6;177;"2021-08-12 05:21:50";"2024-06-30 00:30:16"
103;"Cinta de correr";"Leather wallet";394.24;6;641;"2021-12-09 01:11:52";"2024-06-30 00:30:16"
104;"Mancuernas ajustables";"Stainless steel water bottle";933.86;6;560;"2021-10-28 12:15:42";"2024-06-30 00:30:16"
105;"Esterilla de yoga";"Stainless steel water bottle";409.85;6;826;"2021-01-08 22:50:23";"2024-06-30 00:30:16"
106;"Pelota de ejercicio";"Handcrafted wooden picture frame";221.66;6;640;"2021-12-09 20:11:47";"2024-06-30 00:30:16"
107;"Set de pesas rusas";"Handcrafted wooden picture frame";459.25;6;246;"2021-08-23 21:45:11";"2024-06-30 00:30:16"
108;"Banco de pesas";"Stainless steel water bottle";591.53;6;58;"2021-10-18 20:45:19";"2024-06-30 00:30:16"
109;"Bicicleta eliptica";"Scented candle";98.57;6;384;"2021-02-08 11:12:39";"2024-06-30 00:30:16"
110;"Saco de boxeo";"Scented candle";893.94;6;503;"2021-10-04 02:31:48";"2024-06-30 00:30:16"
112;"Cuerda para saltar";"Leather wallet";675.03;6;808;"2021-07-30 07:13:22";"2024-06-30 00:30:16"
113;"Patinete electrico";"Stainless steel water bottle";305.25;6;394;"2021-08-13 00:13:29";"2024-06-30 00:30:16"
114;"Monopatin";"Scented candle";469.2;6;947;"2021-06-01 11:42:08";"2024-06-30 00:30:16"
115;"Tienda de campana";"Handcrafted wooden picture frame";962.12;6;332;"2021-03-25 11:45:02";"2024-06-30 00:30:16"
116;"Saco de dormir";"Leather wallet";835.56;6;610;"2021-01-03 01:06:39";"2024-06-30 00:30:16"
117;"Mochila de senderismo";"Stainless steel water bottle";49.74;6;862;"2021-04-24 05:08:29";"2022-03-23 16:22:06"
118;"Bastones de trekking";"Ceramic coffee mug";832.18;6;632;"2021-08-30 04:00:12";"2024-06-30 00:30:16"
119;"Linterna frontal";"Stainless steel water bottle";107.47;6;723;"2021-11-17 21:35:09";"2024-06-30 00:30:16"
120;"Gafas de sol deportivas";"Handcrafted wooden picture frame";796.58;6;70;"2021-03-04 00:10:34";"2024-06-30 00:30:16"
121;"Secador de pelo profesional";"Stainless steel water bottle";440.91;7;115;"2021-08-10 13:25:25";"2024-06-30 00:30:16"
122;"Plancha de pelo";"Stainless steel water bottle";794.71;7;902;"2021-01-05 21:17:49";"2024-06-30 00:30:16"
123;"Rizador de pelo";"Ceramic coffee mug";807.68;7;75;"2021-09-20 12:35:06";"2024-06-30 00:30:16"
124;"Cortapelos";"Soft cotton t-shirt";225.86;7;835;"2021-08-07 10:44:31";"2024-06-30 00:30:16"
126;"Cepillo de dientes electrico";"Handcrafted wooden picture frame";644.12;7;995;"2021-03-30 18:00:37";"2024-06-30 00:30:16"
127;"Espejo con luz LED";"Stainless steel water bottle";951.82;7;845;"2021-07-27 09:28:54";"2024-06-30 00:30:16"
128;"Set de brochas de maquillaje";"Handcrafted wooden picture frame";456.05;7;558;"2021-07-26 18:47:30";"2024-06-30 00:30:16"
129;"Paleta de sombras";"Soft cotton t-shirt";484.18;7;417;"2021-01-30 19:01:58";"2024-06-30 00:30:16"
130;"Labial mate";"Stainless steel water bottle";161.6;7;403;"2021-05-03 21:53:53";"2024-06-30 00:30:16"
131;"Suero facial";"Leather wallet";390.62;7;706;"2021-05-11 14:44:20";"2024-06-30 00:30:16"
132;"Crema hidratante";"Scented candle";427.24;7;527;"2021-12-13 03:14:46";"2024-06-30 00:30:16"
133;"Aceite esencial";"Stainless steel water bottle";708.23;7;660;"2021-07-30 13:35:19";"2024-06-30 00:30:16"
134;"Mascarilla facial";"Leather wallet";808.12;7;844;"2021-12-13 12:32:41";"2024-06-30 00:30:16"
135;"Exfoliante corporal";"Scented candle";928.5;7;250;"2021-11-24 17:25:16";"2024-06-30 00:30:16"
136;"Locion corporal";"Soft cotton t-shirt";389.24;7;712;"2021-11-28 14:51:57";"2024-06-30 00:30:16"
137;"Jabon artesanal";"Stainless steel water bottle";30.56;7;597;"2021-02-21 15:01:18";"2024-06-30 00:30:16"
138;"Perfume";"Leather wallet";934.69;7;285;"2021-03-19 21:43:23";"2024-06-30 00:30:16"
139;"Crema de manos";"Soft cotton t-shirt";490.41;7;384;"2021-01-23 20:13:18";"2022-12-13 20:35:10"
140;"Lima de unas eléctrica";"Stainless steel water bottle";482.2;7;568;"2021-07-31 16:37:07";"2024-06-30 00:30:16"
141;"Camiseta basica";"Ceramic coffee mug";573.59;8;84;"2021-11-14 19:32:16";"2024-06-30 00:30:16"
142;"Pantalones vaqueros";"Handcrafted wooden picture frame";879.98;8;404;"2021-05-25 12:20:48";"2024-06-30 00:30:16"
143;"Chaqueta de cuero";"Ceramic coffee mug";622.77;8;564;"2021-03-11 05:28:31";"2024-06-30 00:30:16"
144;"Abrigo de invierno";"Scented candle";719.05;8;905;"2021-02-28 10:48:40";"2024-06-30 00:30:16"
145;"Vestido de noche";"Leather wallet";77.43;8;261;"2021-06-07 15:54:39";"2024-06-30 00:30:16"
146;"Traje de bano";"Handcrafted wooden picture frame";931.82;8;333;"2021-09-16 10:29:52";"2024-06-30 00:30:16"
147;"Zapatillas deportivas";"Stainless steel water bottle";894.44;8;779;"2021-09-17 09:34:47";"2024-06-30 00:30:16"
148;"Botas de montana";"Stainless steel water bottle";342.55;8;813;"2021-03-23 10:54:07";"2024-06-30 00:30:16"
149;"Sandalias de verano";"Handcrafted wooden picture frame";142.32;8;993;"2021-06-13 12:02:04";"2024-06-30 00:30:16"
150;"Mochila casual";"Handcrafted wooden picture frame";382.51;8;792;"2021-12-26 20:30:55";"2024-06-30 00:30:16"
151;"Bolso de mano";"Ceramic coffee mug";88.16;8;531;"2021-03-01 22:44:23";"2024-06-30 00:30:16"
152;"Cartera de cuero";"Soft cotton t-shirt";663.06;8;322;"2021-07-01 05:25:18";"2024-06-30 00:30:16"
153;"Reloj de pulsera";"Scented candle";513.13;8;767;"2021-08-26 23:34:27";"2024-06-30 00:30:16"
154;"Gafas de sol";"Leather wallet";504.33;8;605;"2021-12-13 16:18:54";"2024-06-30 00:30:16"
155;"Sombrero de paja";"Ceramic coffee mug";903.05;8;824;"2021-03-29 09:53:45";"2024-06-30 00:30:16"
156;"Bufanda de lana";"Stainless steel water bottle";824.93;8;439;"2021-01-27 00:26:41";"2024-06-30 00:30:16"
157;"Guantes de invierno";"Handcrafted wooden picture frame";735.65;8;98;"2021-10-14 19:00:13";"2024-06-30 00:30:16"
158;"Cinturon de cuero";"Leather wallet";872.89;8;346;"2021-05-18 01:13:38";"2024-06-30 00:30:16"
159;"Corbata de seda";"Scented candle";430.56;8;655;"2021-05-12 04:06:20";"2024-06-30 00:30:16"
160;"Paraguas plegable";"Stainless steel water bottle";936.9;8;233;"2021-12-22 12:36:45";"2024-06-30 00:30:16"
161;"Lego";"Handcrafted wooden picture frame";834.59;9;426;"2021-08-01 13:30:19";"2024-06-30 00:30:16"
162;"Muneca Barbie";"Leather wallet";306.81;9;738;"2021-04-26 12:31:47";"2024-06-30 00:30:16"
163;"Juego de mesa Monopoly";"Ceramic coffee mug";625.75;9;27;"2021-07-16 13:39:00";"2024-06-30 00:30:16"
164;"Puzzle de 1000 piezas";"Scented candle";296.67;9;947;"2021-08-04 19:07:58";"2024-06-30 00:30:16"
165;"Juguete de construccion";"Handcrafted wooden picture frame";369.84;9;197;"2021-04-28 15:26:51";"2024-06-30 00:30:16"
166;"Peluche de animales";"Soft cotton t-shirt";780.37;9;236;"2021-07-25 16:12:00";"2024-06-30 00:30:16"
167;"Juguete educativo";"Soft cotton t-shirt";42.31;9;676;"2021-12-28 09:03:39";"2024-06-30 00:30:16"
168;"Coches de juguete";"Soft cotton t-shirt";726.68;9;552;"2021-09-10 08:49:30";"2024-06-30 00:30:16"
169;"Tren electrico";"Stainless steel water bottle";285.79;9;920;"2021-07-15 15:39:55";"2024-06-30 00:30:16"
170;"Set de plastilina";"Stainless steel water bottle";164.86;9;135;"2021-03-19 07:11:11";"2024-06-30 00:30:16"
171;"Juego de cartas";"Soft cotton t-shirt";876.83;9;630;"2021-11-24 07:45:29";"2022-02-11 08:59:19"
172;"Rompecabezas 3D";"Soft cotton t-shirt";434.57;9;759;"2021-09-03 15:36:35";"2024-06-30 00:30:16"
173;"Juguete de cocina";"Handcrafted wooden picture frame";11.9;9;697;"2021-02-28 21:53:28";"2024-06-30 00:30:16"
174;"Muneco de accion";"Stainless steel water bottle";989.79;9;778;"2021-08-31 11:29:37";"2024-06-30 00:30:16"
175;"Juguete de madera";"Ceramic coffee mug";185.98;9;528;"2021-01-02 09:09:45";"2024-06-30 00:30:16"
176;"Juguete de bano";"Scented candle";687.24;9;889;"2021-03-17 07:38:32";"2024-06-30 00:30:16"
177;"Marionetas de dedo";"Handcrafted wooden picture frame";971.12;9;98;"2021-11-19 10:41:13";"2024-06-30 00:30:16"
178;"Pelota de futbol";"Handcrafted wooden picture frame";828.36;9;777;"2021-09-08 07:37:02";"2024-06-30 00:30:16"
179;"Bicicleta infantil";"Soft cotton t-shirt";0.58;9;145;"2021-04-27 07:58:38";"2024-06-30 00:30:16"
180;"Juego de ciencia";"Leather wallet";510.06;9;58;"2021-12-22 11:41:35";"2024-06-30 00:30:16"
181;"Taladro inalambrico";"Soft cotton t-shirt";631.91;10;286;"2021-03-20 21:29:48";"2024-07-03 18:11:23"
182;"Sierra circular";"Soft cotton t-shirt";652.11;10;146;"2021-01-11 16:03:50";"2024-07-03 18:11:23"
183;"Atornillador electrico";"Stainless steel water bottle";82.29;10;907;"2021-04-09 21:18:05";"2024-07-03 18:11:23"
184;"Multiherramienta";"Scented candle";606.49;10;865;"2021-08-30 23:49:32";"2024-07-03 18:11:23"
185;"Juego de llaves inglesas";"Soft cotton t-shirt";825.51;10;170;"2021-05-16 03:15:46";"2024-07-03 18:11:23"
186;"Martillo";"Leather wallet";555.21;10;10;"2021-08-31 10:03:46";"2024-07-03 18:11:23"
188;"Nivel laser";"Stainless steel water bottle";713.22;10;599;"2021-04-28 12:16:16";"2024-07-03 18:11:23"
189;"Lijadora electrica";"Scented candle";398.33;10;368;"2021-04-01 03:03:39";"2024-07-03 18:11:23"
190;"Compresor de aire";"Stainless steel water bottle";539.78;10;207;"2021-06-06 10:22:20";"2024-07-03 18:11:23"
191;"Pistola de calor";"Ceramic coffee mug";750.41;10;395;"2021-04-17 11:08:04";"2024-07-03 18:11:23"
192;"Caja de herramientas";"Leather wallet";183.53;10;687;"2021-09-16 20:56:59";"2024-07-03 18:11:23"
193;"Soldador electrico";"Soft cotton t-shirt";950.9;10;116;"2021-05-29 05:22:05";"2024-07-03 18:11:23"
194;"Multimetro digital";"Soft cotton t-shirt";682.68;10;242;"2021-11-11 15:11:05";"2024-07-03 18:11:23"
195;"Amoladora angular";"Soft cotton t-shirt";75.64;10;959;"2021-08-18 14:50:29";"2024-07-03 18:11:23"
196;"Escalera telescopica";"Leather wallet";620.11;10;215;"2021-03-14 07:39:47";"2024-07-03 18:11:23"
197;"Pistola de silicona";"Leather wallet";735.32;10;282;"2021-09-26 09:13:27";"2024-07-03 18:11:23"
198;"Cortacesped";"Soft cotton t-shirt";989.97;10;430;"2021-01-09 07:34:38";"2024-07-03 18:11:23"
199;"Desbrozadora";"Handcrafted wooden picture frame";433.62;10;755;"2021-04-21 05:00:05";"2024-07-03 18:11:23"
200;"Manguera de jardín";"Ceramic coffee mug";705.09;10;877;"2021-08-08 17:27:07";"2024-07-03 18:11:23"
201;"Tensiometro digital";"Scented candle";128.6;11;353;"2021-10-11 23:44:45";"2022-01-31 05:22:08"
202;"Termometro infrarrojo";"Ceramic coffee mug";557.35;11;163;"2021-10-26 22:49:35";"2024-06-30 00:33:30"
203;"Oximetro de pulso";"Handcrafted wooden picture frame";412.09;11;998;"2021-01-30 12:10:26";"2024-06-30 00:33:30"
204;"Nebulizador";"Ceramic coffee mug";65.75;11;576;"2021-12-03 19:30:17";"2024-06-30 00:33:30"
205;"Masajeador de pies";"Leather wallet";559.67;11;393;"2021-09-25 19:47:54";"2024-06-30 00:33:30"
206;"Almohadilla electrica";"Handcrafted wooden picture frame";218.44;11;899;"2021-05-27 16:34:35";"2024-06-30 00:33:30"
207;"Esterilla de acupresion";"Soft cotton t-shirt";147.61;11;337;"2021-06-19 12:18:54";"2022-08-19 01:31:24"
208;"Balon de pilates";"Scented candle";159.32;11;306;"2021-04-11 18:32:51";"2024-06-30 00:33:30"
209;"Banda elastica de resistencia";"Leather wallet";844.01;11;781;"2021-09-24 23:38:08";"2024-06-30 00:33:30"
210;"Corrector de postura";"Soft cotton t-shirt";492.89;11;989;"2021-06-24 08:46:21";"2024-06-30 00:33:30"
211;"Rodillo de espuma";"Ceramic coffee mug";490.78;11;611;"2021-04-22 02:16:17";"2024-06-30 00:33:30"
212;"Balanza de cocina";"Ceramic coffee mug";6.36;11;261;"2021-04-24 21:36:42";"2024-06-30 00:33:30"
213;"Podometro";"Handcrafted wooden picture frame";622.46;11;824;"2021-04-11 09:02:49";"2024-06-30 00:33:30"
214;"Botella de agua reutilizable";"Ceramic coffee mug";56.27;11;44;"2021-12-06 15:22:01";"2024-06-30 00:33:30"
215;"Set de tupperware";"Stainless steel water bottle";8.74;11;377;"2021-03-18 03:48:49";"2024-06-30 00:33:30"
216;"Purificador de agua";"Leather wallet";103.56;11;801;"2021-05-24 04:16:35";"2024-06-30 00:33:30"
217;"Almohada ortopedica";"Stainless steel water bottle";992.26;11;799;"2021-11-01 22:32:09";"2024-06-30 00:33:30"
218;"Colchon viscoelastico";"Ceramic coffee mug";478.16;11;577;"2021-03-03 12:31:19";"2022-10-03 16:45:56"
219;"Filtro de ducha";"Handcrafted wooden picture frame";857.14;11;447;"2021-05-26 23:08:54";"2024-06-30 00:33:30"
220;"Gafas para dormir";"Ceramic coffee mug";756.95;11;588;"2021-07-04 00:45:22";"2024-06-30 00:33:30"
221;"Cafe en grano";"Leather wallet";919.24;12;48;"2021-12-22 19:10:36";"2024-06-30 00:35:31"
222;"Te de hojas sueltas";"Soft cotton t-shirt";383.33;12;282;"2021-08-13 10:29:37";"2024-06-30 00:35:31"
223;"Vino tinto";"Scented candle";966.94;12;622;"2021-12-17 00:25:26";"2024-06-30 00:35:31"
224;"Aceite de oliva virgen extra";"Handcrafted wooden picture frame";867.64;12;125;"2021-01-24 17:02:09";"2024-06-30 00:35:31"
225;"Miel organica";"Leather wallet";327.94;12;924;"2021-10-28 23:02:06";"2024-06-30 00:35:31"
226;"Chocolate negro";"Stainless steel water bottle";322.27;12;118;"2021-09-12 04:22:54";"2024-06-30 00:35:31"
227;"Queso gourmet";"Soft cotton t-shirt";244.79;12;506;"2021-02-01 12:28:30";"2024-06-30 00:35:31"
228;"Jamon iberico";"Ceramic coffee mug";412.35;12;67;"2021-07-28 02:53:28";"2024-06-30 00:35:31"
229;"Frutos secos";"Scented candle";978.67;12;639;"2021-08-22 01:21:09";"2024-06-30 00:35:31"
230;"Conservas de pescado";"Soft cotton t-shirt";983.39;12;928;"2021-01-02 11:42:35";"2024-06-30 00:35:31"
231;"Mermelada artesanal";"Scented candle";707.54;12;513;"2021-03-18 18:26:01";"2024-06-30 00:35:31"
232;"Vinagre balsamico";"Leather wallet";956.86;12;540;"2021-04-23 02:19:33";"2024-06-30 00:35:31"
233;"Pasta artesanal";"Scented candle";701.58;12;192;"2021-06-07 10:24:44";"2024-06-30 00:35:31"
234;"Salsa picante";"Soft cotton t-shirt";96.64;12;370;"2021-06-19 02:36:58";"2024-06-30 00:35:31"
235;"Sal de mar";"Soft cotton t-shirt";68.72;12;1000;"2021-05-19 09:11:56";"2024-06-30 00:35:31"
236;"Galletas artesanales";"Handcrafted wooden picture frame";0.42;12;795;"2021-12-22 23:19:02";"2024-06-30 00:35:31"
237;"Turron";"Ceramic coffee mug";950.85;12;216;"2021-04-28 14:30:21";"2024-06-30 00:35:31"
238;"Trufas de chocolate";"Stainless steel water bottle";10.36;12;26;"2021-11-15 03:02:52";"2024-06-30 00:35:31"
240;"Caviar";"Handcrafted wooden picture frame";523.06;12;49;"2021-09-04 20:10:56";"2024-06-30 00:35:31"
241;"Novela de ficcion";"Stainless steel water bottle";886.21;13;582;"2021-11-05 07:46:10";"2024-06-30 00:35:35"
242;"Libro de cocina";"Soft cotton t-shirt";95.49;13;981;"2021-07-11 07:36:20";"2024-06-30 00:35:35"
243;"Libro de autoayuda";"Leather wallet";500.8;13;717;"2021-01-07 13:11:00";"2024-06-30 00:35:35"
244;"Biografia";"Ceramic coffee mug";510.35;13;667;"2021-04-03 22:48:23";"2024-06-30 00:35:35"
245;"Comic";"Stainless steel water bottle";714.05;13;858;"2021-08-08 17:13:40";"2024-06-30 00:35:35"
246;"Libro infantil";"Stainless steel water bottle";636.97;13;299;"2021-05-28 09:27:27";"2024-06-30 00:35:35"
247;"Revista de moda";"Ceramic coffee mug";856.92;13;968;"2021-03-12 20:17:05";"2024-06-30 00:35:35"
248;"DVD de pelicula";"Scented candle";398.57;13;352;"2021-12-18 13:37:04";"2024-06-30 00:35:35"
249;"Blu-ray de serie";"Ceramic coffee mug";293.82;13;488;"2021-09-13 23:03:58";"2024-06-30 00:35:35"
250;"CD de musica";"Ceramic coffee mug";994.28;13;180;"2021-07-29 20:03:01";"2024-06-30 00:35:35"
251;"Vinilo de musica";"Stainless steel water bottle";446.08;13;895;"2021-09-14 20:17:09";"2024-06-30 00:35:35"
252;"Audiolibro";"Leather wallet";411.93;13;207;"2021-03-06 08:45:57";"2024-06-30 00:35:35"
253;"E-book";"Soft cotton t-shirt";103.09;13;106;"2021-11-28 18:46:37";"2024-06-30 00:35:35"
254;"Libro de texto";"Stainless steel water bottle";893.86;13;895;"2021-12-01 23:40:21";"2024-06-30 00:35:35"
255;"Libro de arte";"Ceramic coffee mug";999.18;13;705;"2021-10-17 04:45:21";"2024-06-30 00:35:35"
256;"Guia de viaje";"Soft cotton t-shirt";38.46;13;20;"2021-05-13 10:50:13";"2024-06-30 00:35:35"
257;"Libro de fotografia";"Stainless steel water bottle";92.08;13;247;"2021-09-27 01:30:22";"2024-06-30 00:35:35"
258;"Manual de bricolaje";"Stainless steel water bottle";435.19;13;459;"2021-11-25 19:52:45";"2024-06-30 00:35:35"
259;"Libro de jardineria";"Stainless steel water bottle";893.63;13;154;"2021-12-07 20:42:09";"2024-06-30 00:35:35"
260;"Diario personal";"Stainless steel water bottle";483.55;13;102;"2021-06-11 20:26:07";"2024-06-30 00:35:35"
261;"Anillo de plata";"Scented candle";123.61;14;129;"2021-04-11 05:41:12";"2024-06-30 00:35:38"
262;"Collar de perlas";"Handcrafted wooden picture frame";700.72;14;635;"2021-07-14 21:50:58";"2024-06-30 00:35:38"
263;"Pulsera de cuero";"Handcrafted wooden picture frame";886.96;14;886;"2021-09-11 16:52:27";"2024-06-30 00:35:38"
264;"Pendientes de oro";"Stainless steel water bottle";665.39;14;397;"2021-08-28 02:57:37";"2024-06-30 00:35:38"
265;"Reloj de acero inoxidable";"Ceramic coffee mug";891.06;14;261;"2021-11-22 18:21:10";"2024-06-30 00:35:38"
267;"Colgante de cuarzo";"Soft cotton t-shirt";856.63;14;497;"2021-05-23 21:02:15";"2024-06-30 00:35:38"
268;"Broche vintage";"Stainless steel water bottle";906.75;14;113;"2021-06-22 12:17:08";"2024-06-30 00:35:38"
269;"Gemelos de camisa";"Scented candle";627.86;14;840;"2021-11-02 19:00:10";"2024-06-30 00:35:38"
270;"Reloj de bolsillo";"Stainless steel water bottle";54.2;14;448;"2021-12-09 09:04:56";"2024-06-30 00:35:38"
271;"Anillo de compromiso";"Stainless steel water bottle";465.86;14;152;"2021-01-16 07:48:23";"2024-06-30 00:35:38"
272;"Tobillera";"Handcrafted wooden picture frame";855.6;14;40;"2021-10-05 00:08:05";"2024-06-30 00:35:38"
273;"Diadema";"Ceramic coffee mug";223.36;14;369;"2021-02-21 02:12:40";"2024-06-30 00:35:38"
274;"Joyeria artesanal";"Soft cotton t-shirt";887.14;14;232;"2021-05-06 01:13:27";"2024-06-30 00:35:38"
275;"Collar de piedras preciosas";"Soft cotton t-shirt";317.15;14;628;"2021-02-01 11:14:47";"2024-06-30 00:35:38"
276;"Pulsera de cuentas";"Scented candle";487.82;14;337;"2021-10-13 13:28:31";"2024-06-30 00:35:38"
277;"Pendientes de aro";"Handcrafted wooden picture frame";254.37;14;546;"2021-07-21 06:05:39";"2024-06-30 00:35:38"
278;"Reloj deportivo";"Scented candle";546.14;14;549;"2021-11-18 22:13:18";"2022-12-07 19:43:24"
279;"Reloj inteligente";"Stainless steel water bottle";737.87;14;463;"2021-10-27 14:20:51";"2024-06-30 00:35:38"
280;"Reloj de madera";"Leather wallet";346.84;14;876;"2021-12-08 14:37:52";"2024-06-30 00:35:38"
281;"Collar para perro";"Scented candle";906.19;15;30;"2021-11-20 15:04:07";"2024-06-30 00:35:41"
282;"Arnes para gato";"Soft cotton t-shirt";67.95;15;792;"2021-02-12 14:30:52";"2024-06-30 00:35:41"
283;"Cama para mascotas";"Stainless steel water bottle";557.83;15;149;"2021-11-18 03:08:51";"2024-06-30 00:35:41"
284;"Rascador para gatos";"Scented candle";992.84;15;776;"2021-01-06 12:54:30";"2024-06-30 00:35:41"
285;"Juguete para perros";"Handcrafted wooden picture frame";494.81;15;570;"2021-12-04 22:15:34";"2024-06-30 00:35:41"
286;"Comedero automatico";"Soft cotton t-shirt";770.04;15;784;"2021-08-10 20:07:01";"2024-06-30 00:35:41"
287;"Bebedero para mascotas";"Ceramic coffee mug";51.13;15;192;"2021-04-02 23:59:18";"2024-06-30 00:35:41"
288;"Transportin";"Leather wallet";776.26;15;424;"2021-07-25 08:06:09";"2024-06-30 00:35:41"
289;"Jaula para pajaros";"Soft cotton t-shirt";481.95;15;607;"2021-06-18 12:03:53";"2024-06-30 00:35:41"
290;"Pecera";"Stainless steel water bottle";589.47;15;315;"2021-08-17 12:00:39";"2024-06-30 00:35:41"
291;"Filtro de acuario";"Soft cotton t-shirt";652.92;15;53;"2021-02-13 01:04:11";"2024-06-30 00:35:41"
292;"Calentador de acuario";"Scented candle";166.77;15;174;"2021-10-20 19:27:53";"2024-06-30 00:35:41"
293;"Correa extensible";"Handcrafted wooden picture frame";661.62;15;338;"2021-10-31 17:52:58";"2024-06-30 00:35:41"
294;"Champu para mascotas";"Soft cotton t-shirt";273.54;15;683;"2021-03-29 23:37:55";"2024-06-30 00:35:41"
295;"Cepillo para mascotas";"Ceramic coffee mug";397.94;15;236;"2021-12-12 21:26:41";"2024-06-30 00:35:41"
296;"Arena para gatos";"Ceramic coffee mug";42.32;15;32;"2021-01-15 11:05:39";"2024-06-30 00:35:41"
297;"Casa para perros";"Soft cotton t-shirt";751.9;15;651;"2021-04-29 14:53:12";"2024-06-30 00:35:41"
298;"Jaula para roedores";"Handcrafted wooden picture frame";913.0;15;720;"2021-05-02 14:27:00";"2024-06-30 00:35:41"
299;"Bolsa de viaje para mascotas";"Stainless steel water bottle";42.41;15;600;"2021-09-12 13:30:55";"2024-06-30 00:35:41"
301;"Set de pintura acrilica";"Leather wallet";229.15;16;446;"2021-11-24 05:03:03";"2024-06-30 00:35:45"
302;"Pinceles de diferentes tamanos";"Scented candle";439.81;16;793;"2021-12-24 22:58:25";"2024-06-30 00:35:45"
303;"Lienzos para pintar";"Leather wallet";289.12;16;234;"2021-02-10 20:41:10";"2024-06-30 00:35:45"
304;"Caballete de madera";"Leather wallet";856.76;16;287;"2021-06-02 09:56:40";"2024-06-30 00:35:45"
305;"Rotuladores permanentes";"Stainless steel water bottle";605.09;16;357;"2021-10-20 13:00:21";"2024-06-30 00:35:45"
306;"Papel de acuarela";"Leather wallet";294.98;16;25;"2021-06-14 19:30:47";"2024-06-30 00:35:45"
307;"Kit de bordado";"Soft cotton t-shirt";78.01;16;247;"2021-09-24 15:41:58";"2024-06-30 00:35:45"
309;"Hilo de lana";"Stainless steel water bottle";147.97;16;502;"2021-12-02 09:14:45";"2024-06-30 00:35:45"
310;"Set de scrapbooking";"Stainless steel water bottle";739.02;16;736;"2021-02-16 16:45:54";"2024-06-30 00:35:45"
311;"Papel decorativo";"Handcrafted wooden picture frame";344.16;16;486;"2021-06-27 20:54:50";"2024-06-30 00:35:45"
312;"Tijeras de precision";"Scented candle";54.89;16;465;"2021-07-15 20:19:51";"2024-06-30 00:35:45"
313;"Pegamento para manualidades";"Leather wallet";261.52;16;850;"2021-05-23 13:27:08";"2024-06-30 00:35:45"
314;"Purpurina";"Soft cotton t-shirt";274.89;16;628;"2021-12-09 10:14:10";"2024-06-30 00:35:45"
315;"Arcilla polimerica";"Scented candle";193.16;16;637;"2021-11-06 04:03:00";"2024-06-30 00:35:45"
316;"Pintura en spray";"Stainless steel water bottle";666.48;16;745;"2021-08-14 05:59:04";"2024-06-30 00:35:45"
317;"Marcadores de colores";"Scented candle";408.09;16;354;"2021-06-21 23:09:39";"2024-06-30 00:35:45"
318;"Sellos de goma";"Handcrafted wooden picture frame";313.51;16;57;"2021-10-07 05:29:00";"2024-06-30 00:35:45"
319;"Lapices de colores";"Leather wallet";641.98;16;943;"2021-10-26 12:14:52";"2024-06-30 00:35:45"
320;"Kit de origami";"Soft cotton t-shirt";395.82;16;255;"2021-05-06 22:33:09";"2024-06-30 00:35:45"
321;"Maleta rigida";"Ceramic coffee mug";693.9;17;826;"2021-03-15 22:21:21";"2024-06-30 00:35:48"
322;"Bolsa de viaje";"Soft cotton t-shirt";600.41;17;8;"2021-08-02 05:14:15";"2024-06-30 00:35:48"
323;"Mochila de viaje";"Handcrafted wooden picture frame";336.6;17;783;"2021-10-19 05:23:35";"2024-06-30 00:35:48"
324;"Neceser de viaje";"Leather wallet";583.67;17;760;"2021-05-17 05:14:33";"2024-06-30 00:35:48"
325;"Funda para pasaporte";"Ceramic coffee mug";656.65;17;221;"2021-03-03 01:44:04";"2024-06-30 00:35:48"
326;"Almohada de viaje";"Soft cotton t-shirt";540.79;17;343;"2021-07-18 08:09:06";"2024-06-30 00:35:48"
327;"Organizador de maleta";"Leather wallet";269.4;17;327;"2021-08-05 06:12:45";"2022-12-23 11:57:53"
328;"Cinturon de dinero";"Handcrafted wooden picture frame";853.82;17;596;"2021-11-30 05:00:52";"2022-05-20 07:58:06"
329;"Botella de agua plegable";"Handcrafted wooden picture frame";541.94;17;314;"2021-11-03 00:42:07";"2024-06-30 00:35:48"
330;"Toalla de microfibra";"Leather wallet";884.05;17;286;"2021-05-08 20:00:46";"2024-06-30 00:35:48"
331;"Adaptador de enchufe universal";"Scented candle";759.91;17;346;"2021-05-29 02:24:13";"2024-06-30 00:35:48"
332;"Cargador portatil";"Leather wallet";666.99;17;982;"2021-12-11 02:40:56";"2024-06-30 00:35:48"
333;"Candado para maleta";"Handcrafted wooden picture frame";114.25;17;479;"2021-04-17 23:13:18";"2022-06-17 15:01:18"
334;"Balanza para equipaje";"Ceramic coffee mug";373.77;17;112;"2021-11-04 21:45:02";"2024-06-30 00:35:48"
335;"Manta de viaje";"Stainless steel water bottle";675.97;17;249;"2021-12-30 23:43:42";"2024-06-30 00:35:48"
336;"Mascarilla para dormir";"Soft cotton t-shirt";184.1;17;626;"2021-02-17 15:03:07";"2024-06-30 00:35:48"
337;"Tapones para los oidos";"Soft cotton t-shirt";964.81;17;778;"2021-10-28 08:35:49";"2024-06-30 00:35:48"
338;"Etiqueta de equipaje";"Scented candle";938.11;17;511;"2021-05-06 18:35:23";"2024-06-30 00:35:48"
339;"Rinonera de viaje";"Soft cotton t-shirt";595.02;17;594;"2021-03-08 19:02:07";"2024-06-30 00:35:48"
341;"Guitarra acustica";"Handcrafted wooden picture frame";845.11;18;919;"2021-03-03 06:36:12";"2024-06-30 00:35:52"
342;"Guitarra electrica";"Leather wallet";245.7;18;194;"2021-04-04 06:25:39";"2024-06-30 00:35:52"
343;"Bajo electrico";"Stainless steel water bottle";875.01;18;175;"2021-07-02 16:47:29";"2024-06-30 00:35:52"
344;"Ukelele";"Leather wallet";385.81;18;346;"2021-12-03 11:57:37";"2024-06-30 00:35:52"
345;"Piano digital";"Ceramic coffee mug";408.32;18;92;"2021-08-18 22:53:51";"2024-06-30 00:35:52"
346;"Teclado MIDI";"Handcrafted wooden picture frame";141.62;18;365;"2021-08-01 13:00:29";"2024-06-30 00:35:52"
348;"Cajon flamenco";"Stainless steel water bottle";14.2;18;765;"2021-03-11 06:49:47";"2024-06-30 00:35:52"
349;"Violin";"Stainless steel water bottle";68.63;18;284;"2021-05-16 05:15:45";"2024-06-30 00:35:52"
350;"Flauta";"Stainless steel water bottle";82.87;18;723;"2021-05-06 15:17:30";"2024-06-30 00:35:52"
351;"Saxofon";"Soft cotton t-shirt";589.72;18;428;"2021-11-11 18:58:57";"2024-06-30 00:35:52"
352;"Trompeta";"Scented candle";158.1;18;764;"2021-10-27 20:55:20";"2024-06-30 00:35:52"
354;"Microfono de estudio";"Soft cotton t-shirt";328.7;18;97;"2021-07-06 10:08:25";"2024-06-30 00:35:52"
355;"Amplificador de guitarra";"Scented candle";950.74;18;24;"2021-08-14 17:11:56";"2024-06-30 00:35:52"
356;"Pedal de efectos";"Ceramic coffee mug";241.03;18;234;"2021-11-19 14:30:14";"2024-06-30 00:35:52"
358;"Afinador electronico";"Scented candle";747.75;18;314;"2021-07-14 07:01:33";"2024-06-30 00:35:52"
359;"Cuerdas de guitarra";"Ceramic coffee mug";867.37;18;530;"2021-04-10 03:13:24";"2024-06-30 00:35:52"
360;"Baquetas";"Handcrafted wooden picture frame";270.61;18;164;"2021-03-19 17:16:05";"2024-06-30 00:35:52"
362;"Regadera";"Soft cotton t-shirt";120.35;19;327;"2021-05-22 08:13:50";"2024-06-30 00:35:55"
363;"Manguera extensible";"Leather wallet";132.24;19;715;"2021-03-14 04:11:43";"2024-06-30 00:35:55"
364;"Sistema de riego automatico";"Ceramic coffee mug";354.3;19;76;"2021-02-24 23:09:09";"2024-06-30 00:35:55"
365;"Cortacesped";"Soft cotton t-shirt";548.35;19;506;"2021-11-02 02:54:56";"2024-06-30 00:35:55"
366;"Desbrozadora";"Scented candle";371.1;19;53;"2021-10-31 02:40:37";"2024-06-30 00:35:55"
367;"Compostador";"Soft cotton t-shirt";895.15;19;904;"2021-11-14 09:21:12";"2024-06-30 00:35:55"
368;"Invernadero";"Handcrafted wooden picture frame";100.47;19;421;"2021-11-18 17:48:26";"2024-06-30 00:35:55"
369;"Macetas de ceramica";"Handcrafted wooden picture frame";433.59;19;429;"2021-03-18 15:56:10";"2024-06-30 00:35:55"
370;"Fertilizante organico";"Ceramic coffee mug";390.89;19;748;"2021-12-21 20:20:36";"2024-06-30 00:35:55"
371;"Tierra para macetas";"Ceramic coffee mug";155.77;19;537;"2021-02-27 00:10:29";"2024-06-30 00:35:55"
372;"Semillas de flores";"Handcrafted wooden picture frame";410.61;19;531;"2021-03-12 16:54:15";"2024-06-30 00:35:55"
373;"Semillas de hortalizas";"Ceramic coffee mug";1.23;19;993;"2021-09-05 18:05:40";"2022-02-07 07:27:40"
374;"Arboles frutales";"Soft cotton t-shirt";690.84;19;43;"2021-08-19 06:34:53";"2024-06-30 00:35:55"
375;"Seto artificial";"Stainless steel water bottle";721.27;19;236;"2021-08-25 17:45:39";"2024-06-30 00:35:55"
376;"Iluminacion solar";"Soft cotton t-shirt";41.4;19;554;"2021-08-24 15:54:59";"2024-06-30 00:35:55"
377;"Fuente de jardin";"Scented candle";876.22;19;284;"2021-02-12 10:16:33";"2024-06-30 00:35:55"
378;"Barbacoa de carbon";"Ceramic coffee mug";944.93;19;562;"2021-01-26 13:04:24";"2024-06-30 00:35:55"
379;"Muebles de exterior";"Stainless steel water bottle";360.08;19;287;"2021-03-23 16:55:35";"2024-06-30 00:35:55"
380;"Sombrilla de jardín";"Leather wallet";94.52;19;782;"2021-05-15 05:39:27";"2024-06-30 00:35:55"
381;"Cuna de bebe";"Scented candle";419.14;20;773;"2021-06-07 23:11:24";"2024-06-30 00:35:59"
382;"Silla de paseo";"Stainless steel water bottle";885.49;20;126;"2021-09-10 11:18:04";"2024-06-30 00:35:59"
383;"Trona";"Stainless steel water bottle";262.62;20;348;"2021-09-17 12:02:17";"2024-06-30 00:35:59"
384;"Silla de coche";"Soft cotton t-shirt";346.12;20;376;"2021-02-16 06:25:52";"2024-06-30 00:35:59"
385;"Andador";"Soft cotton t-shirt";65.26;20;845;"2021-03-31 18:15:28";"2024-06-30 00:35:59"
386;"Parque infantil";"Leather wallet";834.64;20;256;"2021-04-11 22:41:25";"2024-06-30 00:35:59"
387;"Juguete para bebe";"Leather wallet";895.55;20;102;"2021-11-11 00:59:21";"2024-06-30 00:35:59"
388;"Manta de actividades";"Handcrafted wooden picture frame";652.94;20;47;"2021-07-01 18:08:38";"2022-04-12 06:20:07"
389;"Sonajero";"Handcrafted wooden picture frame";116.69;20;263;"2021-03-07 10:01:36";"2024-06-30 00:35:59"
390;"Babero impermeable";"Scented candle";984.63;20;791;"2021-12-10 12:23:51";"2024-06-30 00:35:59"
391;"Set de biberones";"Leather wallet";781.75;20;493;"2021-05-13 21:25:38";"2024-06-30 00:35:59"
392;"Calientabiberones";"Leather wallet";868.9;20;403;"2021-04-04 09:10:29";"2024-06-30 00:35:59"
393;"Esterilizador de biberones";"Ceramic coffee mug";779.08;20;34;"2021-06-27 08:19:53";"2024-06-30 00:35:59"
394;"Vigilabebes";"Soft cotton t-shirt";846.9;20;546;"2021-11-02 16:12:57";"2024-06-30 00:35:59"
395;"Humidificador para bebe";"Scented candle";462.23;20;875;"2021-11-05 18:33:32";"2024-06-30 00:35:59"
396;"Luz nocturna";"Handcrafted wooden picture frame";622.57;20;398;"2021-07-26 07:18:03";"2024-06-30 00:35:59"
397;"Termometro para bebe";"Handcrafted wooden picture frame";226.38;20;68;"2021-06-21 16:12:10";"2024-06-30 00:35:59"
398;"Aspirador nasal";"Soft cotton t-shirt";683.71;20;514;"2021-08-06 01:08:00";"2024-06-30 00:35:59"
399;"Panales desechables";"Soft cotton t-shirt";544.23;20;252;"2021-03-31 22:21:15";"2024-06-30 00:35:59"
400;"Panales de tela";"Scented candle";879.78;20;497;"2021-07-16 02:17:56";"2022-12-05 02:08:50"
401;"Toallitas humedas";"Scented candle";882.46;20;838;"2021-02-22 23:17:09";"2024-06-30 00:35:59"
402;"Crema para panal";"Handcrafted wooden picture frame";364.06;20;553;"2021-07-14 02:50:49";"2024-06-30 00:35:59"
403;"Champu para bebe";"Ceramic coffee mug";728.08;20;827;"2021-04-27 09:11:02";"2024-06-30 00:35:59"
404;"Gel de bano para bebe";"Soft cotton t-shirt";597.28;20;614;"2021-02-19 08:18:40";"2024-06-30 00:35:59"
405;"Locion hidratante para bebe";"Handcrafted wooden picture frame";503.58;20;498;"2021-03-09 03:51:57";"2024-06-30 00:35:59"
406;"Toalla con capucha";"Ceramic coffee mug";644.69;20;505;"2021-12-26 18:06:45";"2024-06-30 00:35:59"
407;"Ropa de bebe";"Stainless steel water bottle";730.67;20;181;"2021-09-19 08:46:19";"2024-06-30 00:35:59"
408;"Bodies para bebe";"Soft cotton t-shirt";817.1;20;13;"2021-04-17 12:24:16";"2024-06-30 00:35:59"
409;"Mameluco";"Handcrafted wooden picture frame";955.52;20;725;"2021-06-24 07:48:57";"2024-06-30 00:35:59"
410;"Pijamas para bebe";"Scented candle";22.17;20;894;"2021-05-31 00:32:55";"2024-06-30 00:35:59"
411;"Calcetines para bebe";"Ceramic coffee mug";646.77;20;424;"2021-01-20 05:26:50";"2024-06-30 00:35:59"
412;"Zapatos de cuna";"Stainless steel water bottle";321.53;20;967;"2021-04-25 23:05:06";"2024-06-30 00:35:59"
413;"Gorrito de bebe";"Ceramic coffee mug";858.75;20;934;"2021-06-11 12:09:05";"2024-06-30 00:35:59"
414;"Mantita para bebe";"Soft cotton t-shirt";863.34;20;463;"2021-09-04 06:27:55";"2024-06-30 00:35:59"
415;"Chupete";"Scented candle";85.5;20;384;"2021-06-08 23:21:31";"2024-06-30 00:35:59"
416;"Cadena para chupete";"Stainless steel water bottle";94.23;20;842;"2021-01-08 23:46:18";"2022-09-11 04:50:47"
417;"Mordedor";"Ceramic coffee mug";308.07;20;738;"2021-08-21 08:50:01";"2024-06-30 00:35:59"
418;"Portabebes";"Handcrafted wooden picture frame";923.83;20;208;"2021-06-16 13:30:02";"2024-06-30 00:35:59"
419;"Mochila portabebes";"Ceramic coffee mug";889.6;20;557;"2021-05-10 16:51:40";"2024-06-30 00:35:59"
420;"Cubrecolchon impermeable";"Ceramic coffee mug";707.42;20;785;"2021-04-25 01:47:49";"2024-06-30 00:35:59"
421;"Protector de cuna";"Leather wallet";592.64;20;824;"2021-08-30 02:23:04";"2024-06-30 00:35:59"
422;"Set de alimentacion para bebe";"Soft cotton t-shirt";322.16;20;354;"2021-09-26 11:11:09";"2022-01-04 20:31:16"
423;"Plato con ventosa";"Ceramic coffee mug";440.18;20;277;"2021-08-24 15:30:25";"2024-06-30 00:35:59"
424;"Taza de entrenamiento";"Scented candle";779.8;20;990;"2021-12-09 09:36:13";"2022-05-28 23:48:06"
425;"Cucharas de silicona";"Stainless steel water bottle";162.86;20;495;"2021-10-24 03:35:11";"2024-06-30 00:35:59"
426;"Juguete de bano";"Stainless steel water bottle";640.79;20;475;"2021-02-13 15:18:26";"2024-06-30 00:35:59"
427;"Alfombrilla antideslizante";"Stainless steel water bottle";890.27;20;250;"2021-05-21 10:15:06";"2024-06-30 00:35:59"
428;"Barrera de seguridad";"Handcrafted wooden picture frame";489.08;20;706;"2021-02-17 18:54:44";"2024-06-30 00:35:59"
430;"Monitor de respiracion";"Soft cotton t-shirt";977.93;20;61;"2021-09-12 16:17:58";"2022-01-25 13:05:43"
431;"Termometro de bano";"Stainless steel water bottle";130.96;20;715;"2021-05-23 19:51:47";"2024-06-30 00:35:59"
432;"Esponja natural";"Leather wallet";488.11;20;941;"2021-10-01 22:50:52";"2024-06-30 00:35:59"
433;"Cepillo de pelo suave";"Stainless steel water bottle";253.14;20;281;"2021-06-18 18:35:34";"2024-06-30 00:35:59"
434;"Set de manicura para bebe";"Soft cotton t-shirt";27.93;20;543;"2021-05-04 19:31:55";"2024-06-30 00:35:59"
435;"Termo para liquidos";"Ceramic coffee mug";737.12;20;636;"2021-10-28 10:15:03";"2024-06-30 00:35:59"
436;"Bolsa de panales";"Ceramic coffee mug";944.44;20;411;"2021-02-19 19:32:49";"2024-06-30 00:35:59"
437;"Mochila de maternidad";"Scented candle";658.24;20;945;"2021-11-22 19:08:00";"2024-06-30 00:35:59"
438;"Organizador de cochecito";"Scented candle";823.36;20;671;"2021-12-14 08:44:44";"2024-06-30 00:35:59"
439;"Protector solar para coche";"Handcrafted wooden picture frame";255.03;20;975;"2021-12-12 12:57:38";"2024-06-30 00:35:59"
441;"Reposacabezas para bebe";"Handcrafted wooden picture frame";962.8;20;260;"2021-09-14 18:31:25";"2024-06-30 00:35:59"
442;"Saco de dormir para bebe";"Scented candle";892.62;20;975;"2021-11-29 19:26:47";"2024-06-30 00:35:59"
443;"Mosquitera para cochecito";"Ceramic coffee mug";24.22;20;886;"2021-06-04 08:49:01";"2024-06-30 00:35:59"
444;"Funda para silla de coche";"Soft cotton t-shirt";738.83;20;24;"2021-06-23 09:59:32";"2024-06-30 00:35:59"
445;"Cojin de lactancia";"Ceramic coffee mug";824.83;20;545;"2021-08-31 15:49:27";"2024-06-30 00:35:59"
446;"Esterilla de cambio";"Leather wallet";631.32;20;99;"2021-11-03 08:12:45";"2024-06-30 00:35:59"
447;"Organizador de panales";"Stainless steel water bottle";693.73;20;117;"2021-07-16 02:07:55";"2024-06-30 00:35:59"
448;"Calzador de zapatos";"Scented candle";979.07;20;766;"2021-12-29 00:17:32";"2024-06-30 00:35:59"
449;"Set de primeros auxilios";"Scented candle";885.88;20;115;"2021-03-26 13:18:49";"2022-02-06 06:14:35"
450;"Asiento de bano para bebe";"Handcrafted wooden picture frame";529.6;20;244;"2021-07-01 04:53:32";"2024-06-30 00:35:59"
451;"Sombrilla de playa";"Soft cotton t-shirt";565.03;21;639;"2021-02-28 14:47:20";"2024-06-30 00:30:32"
452;"Silla plegable de camping";"Handcrafted wooden picture frame";185.6;21;28;"2021-05-07 19:43:14";"2024-06-30 00:30:32"
453;"Mesa plegable de camping";"Stainless steel water bottle";135.7;21;793;"2021-11-19 16:26:07";"2024-06-30 00:30:32"
454;"Bolsa termica";"Scented candle";568.66;21;924;"2021-10-24 11:58:22";"2024-06-30 00:30:32"
455;"Paraguas";"Leather wallet";448.97;21;510;"2021-05-22 11:54:42";"2024-06-30 00:30:32"
456;"Botella termica";"Ceramic coffee mug";795.41;21;447;"2021-03-13 08:35:35";"2024-06-30 00:30:32"
457;"Frasco de vidrio hermetico";"Scented candle";320.88;21;58;"2021-05-16 04:19:00";"2024-06-30 00:30:32"
459;"Set de cubiertos portatiles";"Leather wallet";402.53;21;279;"2021-03-31 02:56:14";"2024-06-30 00:30:32"
460;"Pano de cocina";"Leather wallet";998.8;21;296;"2021-07-30 16:34:30";"2024-06-30 00:30:32"
461;"Guantes de horno";"Ceramic coffee mug";55.51;21;648;"2021-10-16 08:39:21";"2024-06-30 00:30:32"
462;"Juego de manteles";"Scented candle";939.76;21;331;"2021-03-29 14:09:31";"2024-06-30 00:30:32"
463;"Servilletas de tela";"Ceramic coffee mug";760.91;21;783;"2021-03-30 12:23:20";"2024-06-30 00:30:32"
464;"Camino de mesa";"Leather wallet";998.97;21;466;"2021-10-24 00:25:04";"2024-06-30 00:30:32"
465;"Vela perfumada";"Leather wallet";335.27;21;787;"2021-09-24 06:20:21";"2024-06-30 00:30:32"
466;"Difusor de aceites esenciales";"Stainless steel water bottle";633.47;21;786;"2021-08-14 16:22:00";"2024-06-30 00:30:32"
467;"Humidificador ultrasonico";"Stainless steel water bottle";766.25;21;7;"2021-05-18 13:28:32";"2024-06-30 00:30:32"
468;"Ventilador USB";"Ceramic coffee mug";378.41;21;233;"2021-09-14 22:48:39";"2024-06-30 00:30:32"
469;"Lampara de escritorio LED";"Scented candle";669.37;21;523;"2021-11-28 01:23:25";"2024-06-30 00:30:32"
470;"Cargador inalambrico";"Soft cotton t-shirt";888.31;21;982;"2021-11-15 13:36:02";"2024-06-30 00:30:32"
471;"Estacion de carga";"Leather wallet";900.58;21;701;"2021-10-09 08:29:45";"2024-06-30 00:30:32"
472;"Soporte para movil";"Soft cotton t-shirt";643.92;21;153;"2021-11-27 16:44:27";"2024-06-30 00:30:32"
473;"Funda para portatil";"Soft cotton t-shirt";844.02;21;182;"2021-03-27 04:08:57";"2024-06-30 00:30:32"
475;"Almohadilla de raton";"Handcrafted wooden picture frame";435.9;21;907;"2021-10-17 15:47:44";"2024-06-30 00:30:32"
476;"Soporte para monitor";"Leather wallet";260.69;21;708;"2021-08-18 01:53:52";"2024-06-30 00:30:32"
478;"Mochila antirrobo";"Stainless steel water bottle";39.37;21;369;"2021-09-05 06:29:25";"2024-06-30 00:30:32"
479;"Funda impermeable para movil";"Handcrafted wooden picture frame";540.11;21;942;"2021-01-18 16:32:52";"2024-06-30 00:30:32"
480;"Carcasa rigida para camara";"Stainless steel water bottle";4.4;21;446;"2021-08-17 22:24:57";"2024-06-30 00:30:32"
481;"Tripode para camara";"Soft cotton t-shirt";360.75;21;125;"2021-01-05 18:59:24";"2024-06-30 00:30:32"
482;"Estabilizador de camara";"Soft cotton t-shirt";727.71;21;272;"2021-01-08 03:36:40";"2024-06-30 00:30:32"
484;"Regleta de enchufes con USB";"Stainless steel water bottle";263.64;21;795;"2021-06-01 00:59:37";"2024-06-30 00:30:32"
485;"Cable de extension";"Leather wallet";91.64;21;287;"2021-02-21 13:16:12";"2024-06-30 00:30:32"
486;"Lampara de mesa con pinza";"Soft cotton t-shirt";891.8;21;932;"2021-12-19 04:35:52";"2024-06-30 00:30:32"
487;"Gafas de realidad virtual";"Stainless steel water bottle";592.72;21;951;"2021-01-28 16:01:02";"2024-06-30 00:30:32"
489;"Teclado ergonomico";"Soft cotton t-shirt";580.23;21;98;"2021-02-15 03:55:21";"2024-06-30 00:30:32"
490;"Alfombrilla de yoga";"Ceramic coffee mug";284.64;21;619;"2021-12-04 18:04:27";"2024-06-30 00:30:32"
491;"Set de pesas ajustables";"Scented candle";962.0;21;283;"2021-09-22 19:43:44";"2024-06-30 00:30:32"
492;"Banco de pesas ajustable";"Scented candle";237.74;21;66;"2021-09-08 02:20:29";"2024-06-30 00:30:32"
493;"Bicicleta de spinning";"Handcrafted wooden picture frame";96.12;21;351;"2021-09-16 00:33:02";"2024-06-30 00:30:32"
494;"Reloj inteligente deportivo";"Handcrafted wooden picture frame";888.95;21;844;"2021-05-31 22:10:19";"2024-06-30 00:30:32"
495;"Camara de seguridad WiFi";"Handcrafted wooden picture frame";926.06;21;196;"2021-08-07 09:42:50";"2024-06-30 00:30:32"
497;"Sensor de movimiento";"Handcrafted wooden picture frame";947.0;21;952;"2021-10-13 17:12:31";"2024-06-30 00:30:32"
498;"Alarma de seguridad";"Soft cotton t-shirt";353.63;21;738;"2021-06-23 03:22:25";"2024-06-30 00:30:32"
499;"Kit de cerradura electronica";"Stainless steel water bottle";754.72;21;747;"2021-05-08 00:41:00";"2024-06-30 00:30:32"
500;"Caja fuerte electronica";"Scented candle";599.83;21;609;"2021-10-31 06:03:30";"2024-06-30 00:30:32"
